{
    "theme": {
        "file": "/ventoy/themes/bigsur/theme.txt",
        "gfxmode": "1920x1080",
        "display_mode": "GUI",
        "serial_param": "--unit=0 --speed=9600",
        "ventoy_left": "5%",
        "ventoy_top": "95%",
        "ventoy_color": "#eff0f1",
        "fonts": [
            "/ventoy/themes/bigsur/terminus-12.pf2",
            "/ventoy/themes/bigsur/terminus-14.pf2",
            "/ventoy/themes/bigsur/terminus-16.pf2",
            "/ventoy/themes/bigsur/DejaVuSans-48.pf2",
            "/ventoy/themes/bigsur/DejaVuSans-Regular-14.pf2"
        ]
    },
    "menu_class": [
        {
            "key": "kubuntu",
            "class": "kubuntu"
        },
        {
            "key": "ubuntu",
            "class": "ubuntu"
        },
        {
            "key": "pop-os",
            "class": "pop-os"
        },
        {
            "key": "arch",
            "class": "arch"
        },
        {
            "key": "linuxmint",
            "class": "linuxmint"
        },
        {
            "key": "opensuse",
            "class": "opensuse"
        },
        {
            "key": "elementary",
            "class": "elementary"
        },
        {
            "key": "manjaro",
            "class": "manjaro"
        },
        {
            "key": "debian",
            "class": "debian"
        },
        {
            "key": "deepin",
            "class": "deepin"
        },
        {
            "key": "solus",
            "class": "solus"
        },
        {
            "key": "zorin-os",
            "class": "zorin-os"
        },
        {
            "key": "antergos",
            "class": "antergos"
        },
        {
            "key": "archlinux",
            "class": "archlinux"
        },
        {
            "key": "arcolinux",
            "class": "arcolinux"
        },
        {
            "key": "chakra",
            "class": "chakra"
        },
        {
            "key": "crunchbang",
            "class": "crunchbang"
        },
        {
            "key": "devuan",
            "class": "devuan"
        },
        {
            "key": "edubuntu",
            "class": "edubuntu"
        },
        {
            "key": "endeavouros",
            "class": "endeavouros"
        },
        {
            "key": "fedora",
            "class": "fedora"
        },
        {
            "key": "frugalware",
            "class": "frugalware"
        },
        {
            "key": "gentoo",
            "class": "gentoo"
        },
        {
            "key": "gnu-linux",
            "class": "gnu-linux"
        },
        {
            "key": "kali",
            "class": "kali"
        },
        {
            "key": "kaos",
            "class": "kaos"
        },
        {
            "key": "korora",
            "class": "korora"
        },
        {
            "key": "lubuntu",
            "class": "lubuntu"
        },
        {
            "key": "macosx",
            "class": "macosx"
        },
        {
            "key": "mageia",
            "class": "mageia"
        },
        {
            "key": "Manjaro.i686",
            "class": "Manjaro.i686"
        },
        {
            "key": "manjaro",
            "class": "manjaro"
        },
        {
            "key": "Manjaro.x86_64",
            "class": "Manjaro.x86_64"
        },
        {
            "key": "Manjaro.x86_64",
            "class": "Manjaro.x86_64"
        },
        {
            "key": "sabayon",
            "class": "sabayon"
        },
        {
            "key": "siduction",
            "class": "siduction"
        },
        {
            "key": "steamos",
            "class": "steamos"
        },
        {
            "key": "void",
            "class": "void"
        },
        {
            "key": "xubuntu",
            "class": "xubuntu"
        },
        {
            "key": "nix",
            "class": "nix"
        },
        {
            "key": "win11",
            "class": "win11"
        },
        {
            "key": "winxp",
            "class": "winxp"
        },
        {
            "key": "winvista",
            "class": "winvista"
        },
        {
            "key": "windows",
            "class": "windows"
        },
        {
            "key": "hirens",
            "class": "windows"
        },
        {
            "key": "memtest",
            "class": "memtest"
        },
        {
            "key": "bsd",
            "class": "bsd"
        },
        {
            "key": "driver",
            "class": "driver"
        },
        {
            "key": "efi",
            "class": "efi"
        },
        {
            "key": "clonezilla",
            "class": "clonezilla"
        },
        {
            "key": "iso",
            "class": "iso"
        }
    ]
}
